/*
SQLyog Enterprise v13.1.1 (32 bit)
MySQL - 10.4.10-MariaDB : Database - laravel_spp
*********************************************************************
*/

/*!40101 SET NAMES utf8 */;

/*!40101 SET SQL_MODE=''*/;

/*!40014 SET @OLD_UNIQUE_CHECKS=@@UNIQUE_CHECKS, UNIQUE_CHECKS=0 */;
/*!40014 SET @OLD_FOREIGN_KEY_CHECKS=@@FOREIGN_KEY_CHECKS, FOREIGN_KEY_CHECKS=0 */;
/*!40101 SET @OLD_SQL_MODE=@@SQL_MODE, SQL_MODE='NO_AUTO_VALUE_ON_ZERO' */;
/*!40111 SET @OLD_SQL_NOTES=@@SQL_NOTES, SQL_NOTES=0 */;
CREATE DATABASE /*!32312 IF NOT EXISTS*/`laravel_spp` /*!40100 DEFAULT CHARACTER SET utf8mb4 */;

USE `laravel_spp`;

/*Data for the table `expenses` */

/*Data for the table `failed_jobs` */

/*Data for the table `financing_categories` */

insert  into `financing_categories`(`id`,`nama`,`besaran`,`jenis`,`created_at`,`updated_at`) values 
(1,'SPP',220000,'Bayar per Bulan','2020-05-04 09:00:22','2020-05-04 09:00:22'),
(2,'Prakerin',350000,'Sekali Bayar','2020-05-04 09:01:22','2020-05-04 09:01:22');

/*Data for the table `financing_category_resets` */

insert  into `financing_category_resets`(`id`,`financing_category_id`,`besaran`,`jenis`,`created_at`,`updated_at`) values 
(1,1,220000,'Bayar per Bulan','2020-05-04 09:00:22','2020-05-04 09:00:22'),
(2,2,350000,'Sekali Bayar','2020-05-04 09:01:22','2020-05-04 09:01:22');

/*Data for the table `incomes` */

/*Data for the table `majors` */

insert  into `majors`(`id`,`nama`,`created_at`,`updated_at`) values 
(1,'Administrasi Perkantoran','2020-05-04 07:50:04','2020-05-04 07:50:04'),
(2,'Manajemen Multimedia','2020-05-04 07:50:16','2020-05-04 07:50:16'),
(3,'Keperawatan','2020-05-04 07:50:27','2020-05-04 07:50:27');

/*Data for the table `migrations` */

insert  into `migrations`(`id`,`migration`,`batch`) values 
(57,'2020_04_29_021914_create_payment_periode_students_table',1),
(116,'2014_10_12_000000_create_users_table',2),
(117,'2014_10_12_100000_create_password_resets_table',2),
(118,'2019_08_19_000000_create_failed_jobs_table',2),
(119,'2020_04_27_173918_create_majors_table',2),
(120,'2020_04_27_174728_create_expenses_table',2),
(121,'2020_04_27_175215_create_financing_categories_table',2),
(122,'2020_04_27_175612_create_students_table',2),
(123,'2020_04_27_181412_create_payments_table',2),
(124,'2020_04_27_190943_create_financing_category_resets_table',2),
(125,'2020_04_27_192039_create_payment_details_table',2),
(126,'2020_04_29_021555_create_payment_periodes_table',2),
(127,'2020_04_29_021914_create_payment_periode_details_table',2),
(128,'2020_05_01_231037_create_pencatatans_table',2),
(129,'2020_05_04_010910_create_incomes_table',2);

/*Data for the table `password_resets` */

/*Data for the table `payment_details` */

insert  into `payment_details`(`id`,`tgl_dibayar`,`payment_id`,`user_id`,`nominal`,`status`,`created_at`,`updated_at`) values 
(1,'2020-05-04',2,1,350000,'Lunas','2020-05-04 13:59:26','2020-05-04 13:59:26');

/*Data for the table `payment_periode_details` */

insert  into `payment_periode_details`(`id`,`payment_periode_id`,`payment_id`,`user_id`,`status`,`created_at`,`updated_at`) values 
(1,2,1,2,'Lunas','2020-05-04 09:53:27','2020-05-04 11:01:29'),
(2,3,1,0,'Waiting','2020-05-04 09:53:27','2020-05-04 09:53:27'),
(3,4,1,0,'Waiting','2020-05-04 09:53:27','2020-05-04 09:53:27'),
(4,5,1,0,'Waiting','2020-05-04 09:53:27','2020-05-04 09:53:27'),
(5,6,1,0,'Waiting','2020-05-04 09:53:27','2020-05-04 09:53:27'),
(6,7,1,0,'Waiting','2020-05-04 09:53:27','2020-05-04 09:53:27'),
(7,8,1,0,'Waiting','2020-05-04 09:53:27','2020-05-04 09:53:27'),
(8,9,1,0,'Waiting','2020-05-04 09:53:27','2020-05-04 09:53:27'),
(9,10,1,0,'Waiting','2020-05-04 09:53:27','2020-05-04 09:53:27'),
(10,11,1,0,'Waiting','2020-05-04 09:53:27','2020-05-04 09:53:27'),
(11,12,1,0,'Waiting','2020-05-04 09:53:27','2020-05-04 09:53:27'),
(12,2,3,0,'Waiting','2020-05-04 09:53:27','2020-05-04 09:53:27'),
(13,3,3,0,'Waiting','2020-05-04 09:53:27','2020-05-04 09:53:27'),
(14,4,3,0,'Waiting','2020-05-04 09:53:27','2020-05-04 09:53:27'),
(15,5,3,0,'Waiting','2020-05-04 09:53:27','2020-05-04 09:53:27'),
(16,6,3,0,'Waiting','2020-05-04 09:53:27','2020-05-04 09:53:27'),
(17,7,3,0,'Waiting','2020-05-04 09:53:27','2020-05-04 09:53:27'),
(18,8,3,0,'Waiting','2020-05-04 09:53:27','2020-05-04 09:53:27'),
(19,9,3,0,'Waiting','2020-05-04 09:53:27','2020-05-04 09:53:27'),
(20,10,3,0,'Waiting','2020-05-04 09:53:27','2020-05-04 09:53:27'),
(21,11,3,0,'Waiting','2020-05-04 09:53:27','2020-05-04 09:53:27'),
(22,12,3,0,'Waiting','2020-05-04 09:53:27','2020-05-04 09:53:27'),
(23,2,5,0,'Waiting','2020-05-04 09:53:27','2020-05-04 09:53:27'),
(24,3,5,0,'Waiting','2020-05-04 09:53:27','2020-05-04 09:53:27'),
(25,4,5,0,'Waiting','2020-05-04 09:53:27','2020-05-04 09:53:27'),
(26,5,5,0,'Waiting','2020-05-04 09:53:27','2020-05-04 09:53:27'),
(27,6,5,0,'Waiting','2020-05-04 09:53:27','2020-05-04 09:53:27'),
(28,7,5,0,'Waiting','2020-05-04 09:53:27','2020-05-04 09:53:27'),
(29,8,5,0,'Waiting','2020-05-04 09:53:27','2020-05-04 09:53:27'),
(30,9,5,0,'Waiting','2020-05-04 09:53:27','2020-05-04 09:53:27'),
(31,10,5,0,'Waiting','2020-05-04 09:53:27','2020-05-04 09:53:27'),
(32,11,5,0,'Waiting','2020-05-04 09:53:27','2020-05-04 09:53:27'),
(33,12,5,0,'Waiting','2020-05-04 09:53:27','2020-05-04 09:53:27'),
(34,2,7,0,'Waiting','2020-05-04 09:53:27','2020-05-04 09:53:27'),
(35,3,7,0,'Waiting','2020-05-04 09:53:27','2020-05-04 09:53:27'),
(36,4,7,0,'Waiting','2020-05-04 09:53:27','2020-05-04 09:53:27'),
(37,5,7,0,'Waiting','2020-05-04 09:53:27','2020-05-04 09:53:27'),
(38,6,7,0,'Waiting','2020-05-04 09:53:27','2020-05-04 09:53:27'),
(39,7,7,0,'Waiting','2020-05-04 09:53:27','2020-05-04 09:53:27'),
(40,8,7,0,'Waiting','2020-05-04 09:53:27','2020-05-04 09:53:27'),
(41,9,7,0,'Waiting','2020-05-04 09:53:27','2020-05-04 09:53:27'),
(42,10,7,0,'Waiting','2020-05-04 09:53:27','2020-05-04 09:53:27'),
(43,11,7,0,'Waiting','2020-05-04 09:53:27','2020-05-04 09:53:27'),
(44,12,7,0,'Waiting','2020-05-04 09:53:27','2020-05-04 09:53:27'),
(45,2,9,0,'Waiting','2020-05-04 09:53:27','2020-05-04 09:53:27'),
(46,3,9,0,'Waiting','2020-05-04 09:53:27','2020-05-04 09:53:27'),
(47,4,9,0,'Waiting','2020-05-04 09:53:27','2020-05-04 09:53:27'),
(48,5,9,0,'Waiting','2020-05-04 09:53:27','2020-05-04 09:53:27'),
(49,6,9,0,'Waiting','2020-05-04 09:53:27','2020-05-04 09:53:27'),
(50,7,9,0,'Waiting','2020-05-04 09:53:27','2020-05-04 09:53:27'),
(51,8,9,0,'Waiting','2020-05-04 09:53:27','2020-05-04 09:53:27'),
(52,9,9,0,'Waiting','2020-05-04 09:53:27','2020-05-04 09:53:27'),
(53,10,9,0,'Waiting','2020-05-04 09:53:27','2020-05-04 09:53:27'),
(54,11,9,0,'Waiting','2020-05-04 09:53:27','2020-05-04 09:53:27'),
(55,12,9,0,'Waiting','2020-05-04 09:53:27','2020-05-04 09:53:27'),
(56,2,11,0,'Waiting','2020-05-04 09:53:27','2020-05-04 09:53:27'),
(57,3,11,0,'Waiting','2020-05-04 09:53:27','2020-05-04 09:53:27'),
(58,4,11,0,'Waiting','2020-05-04 09:53:27','2020-05-04 09:53:27'),
(59,5,11,0,'Waiting','2020-05-04 09:53:27','2020-05-04 09:53:27'),
(60,6,11,0,'Waiting','2020-05-04 09:53:27','2020-05-04 09:53:27'),
(61,7,11,0,'Waiting','2020-05-04 09:53:27','2020-05-04 09:53:27'),
(62,8,11,0,'Waiting','2020-05-04 09:53:27','2020-05-04 09:53:27'),
(63,9,11,0,'Waiting','2020-05-04 09:53:27','2020-05-04 09:53:27'),
(64,10,11,0,'Waiting','2020-05-04 09:53:27','2020-05-04 09:53:27'),
(65,11,11,0,'Waiting','2020-05-04 09:53:27','2020-05-04 09:53:27'),
(66,12,11,0,'Waiting','2020-05-04 09:53:27','2020-05-04 09:53:27'),
(67,2,13,0,'Waiting','2020-05-04 09:53:27','2020-05-04 09:53:27'),
(68,3,13,0,'Waiting','2020-05-04 09:53:27','2020-05-04 09:53:27'),
(69,4,13,0,'Waiting','2020-05-04 09:53:27','2020-05-04 09:53:27'),
(70,5,13,0,'Waiting','2020-05-04 09:53:27','2020-05-04 09:53:27'),
(71,6,13,0,'Waiting','2020-05-04 09:53:27','2020-05-04 09:53:27'),
(72,7,13,0,'Waiting','2020-05-04 09:53:27','2020-05-04 09:53:27'),
(73,8,13,0,'Waiting','2020-05-04 09:53:27','2020-05-04 09:53:27'),
(74,9,13,0,'Waiting','2020-05-04 09:53:27','2020-05-04 09:53:27'),
(75,10,13,0,'Waiting','2020-05-04 09:53:27','2020-05-04 09:53:27'),
(76,11,13,0,'Waiting','2020-05-04 09:53:27','2020-05-04 09:53:27'),
(77,12,13,0,'Waiting','2020-05-04 09:53:27','2020-05-04 09:53:27');

/*Data for the table `payment_periodes` */

insert  into `payment_periodes`(`id`,`financing_category_id`,`bulan`,`tahun`,`nominal`,`created_at`,`updated_at`) values 
(2,1,7,2018,220000,'2020-05-01 09:02:00','2020-05-04 09:02:00'),
(3,1,8,2018,220000,'2020-05-03 09:02:24','2020-05-04 09:02:24'),
(4,1,9,2018,220000,'2020-05-04 09:02:41','2020-05-04 09:02:41'),
(5,1,10,2018,220000,'2020-05-04 09:02:56','2020-05-04 09:02:56'),
(6,1,11,2018,220000,'2020-05-04 09:03:12','2020-05-04 09:03:12'),
(7,1,12,2018,220000,'2020-05-04 09:03:26','2020-05-04 09:03:26'),
(8,1,1,2019,220000,'2020-05-04 09:03:52','2020-05-04 09:03:52'),
(9,1,2,2018,220000,'2020-05-04 09:04:33','2020-05-04 09:04:33'),
(10,1,3,2019,220000,'2020-05-04 09:04:48','2020-05-04 09:04:48'),
(11,1,4,2019,220000,'2020-05-04 09:05:01','2020-05-04 09:05:01'),
(12,1,6,2019,220000,'2020-05-04 09:05:23','2020-05-04 09:05:23');

/*Data for the table `payments` */

insert  into `payments`(`id`,`student_id`,`financing_category_id`,`jenis_pembayaran`,`created_at`,`updated_at`) values 
(1,1,1,'Waiting','2020-05-04 09:08:13','2020-05-04 09:08:13'),
(2,1,2,'Tunai','2020-05-04 09:08:13','2020-05-04 13:59:26'),
(3,2,1,'Waiting','2020-05-04 09:09:14','2020-05-04 09:09:14'),
(4,2,2,'Nunggak','2020-05-04 09:09:14','2020-05-04 13:59:45'),
(5,3,1,'Waiting','2020-05-04 09:11:15','2020-05-04 09:11:15'),
(6,3,2,'Cicilan','2020-05-04 09:11:15','2020-05-04 14:01:03'),
(7,4,1,'Waiting','2020-05-04 09:12:05','2020-05-04 09:12:05'),
(8,4,2,'Waiting','2020-05-04 09:12:05','2020-05-04 09:12:05'),
(9,5,1,'Waiting','2020-05-04 09:12:50','2020-05-04 09:12:50'),
(10,5,2,'Waiting','2020-05-04 09:12:50','2020-05-04 09:12:50'),
(11,6,1,'Waiting','2020-05-04 09:13:34','2020-05-04 09:13:34'),
(12,6,2,'Waiting','2020-05-04 09:13:34','2020-05-04 09:13:34'),
(13,7,1,'Waiting','2020-05-04 09:14:17','2020-05-04 09:14:17'),
(14,7,2,'Waiting','2020-05-04 09:14:17','2020-05-04 09:14:17');

/*Data for the table `pencatatans` */

insert  into `pencatatans`(`id`,`description`,`income_id`,`expense_id`,`debit`,`kredit`,`created_at`,`updated_at`) values 
(1,'Pembayaran SPP untuk periode bulan Juli tahun 2018 dari Aulia Anisa kelas X ( Keperawatan ) diterima oleh ',0,0,220000,0,'2020-05-04 11:01:29','2020-05-04 11:01:29'),
(2,'Pembayaran Prakerin dari Aulia Anisa kelas X ( Keperawatan ) diterima oleh ',0,0,350000,0,'2020-05-04 13:59:26','2020-05-04 13:59:26');

/*Data for the table `students` */

insert  into `students`(`id`,`nis`,`nama`,`jenis_kelamin`,`kelas`,`major_id`,`phone`,`email`,`alamat`,`tgl_masuk`,`created_at`,`updated_at`) values 
(1,'20001010001','Aulia Anisa','P','X',3,'0888888888','aulia@student.com','Jatinangor','2018-07-01','2020-05-04 09:08:13','2020-05-04 09:08:13'),
(2,'20200502002','Nita Oktaviani','P','X',3,'088888888888','siswa@baabulkamil.com','Jatinangor','2018-07-01','2020-05-04 09:09:14','2020-05-04 09:09:14'),
(3,'20200502003','Reski Maharani','P','X',3,'088888888888','siswa@baabulkamil.com','Jatinangor','2018-07-01','2020-05-04 09:11:15','2020-05-04 09:11:15'),
(4,'20200502004','Riska Melani','P','XI',3,'088888888888','siswa@baabulkamil.com','Jatinangor','2018-07-01','2020-05-04 09:12:05','2020-05-04 09:12:05'),
(5,'20200502005','Sinta Herdiyanti','P','X',3,'088888888888','siswa@baabulkamil.com','Jatinangor','2018-07-01','2020-05-04 09:12:50','2020-05-04 09:12:50'),
(6,'20200502006','Sri Suryani','P','X',3,'088888888888','siswa@baabulkamil.com','Jatinangor','2018-07-01','2020-05-04 09:13:34','2020-05-04 09:13:34'),
(7,'20200502007','Tiwi','P','X',3,'088888888888','siswa@baabulkamil.com','Jatinangor','07/01/2018','2020-05-04 09:14:17','2020-05-04 09:15:18');

/*Data for the table `users` */

insert  into `users`(`id`,`name`,`username`,`email`,`email_verified_at`,`password`,`role`,`remember_token`,`created_at`,`updated_at`) values 
(1,'Bendahara 2','bendahara_','bendaharaa@baabulkamil.com',NULL,'$2y$10$sE.Eyu30VLJyNl8dAzzmdenmAp3W6e10VIAypaqWoMApUGn0XiNrW','Sekolah',NULL,'2020-05-04 07:39:40','2020-05-04 07:39:43'),
(2,'Admin','admin','admin@support.com',NULL,'$2y$10$sE.Eyu30VLJyNl8dAzzmdenmAp3W6e10VIAypaqWoMApUGn0XiNrW','Sekolah',NULL,'2020-05-04 07:48:22','2020-05-04 07:48:26');

/*!40101 SET SQL_MODE=@OLD_SQL_MODE */;
/*!40014 SET FOREIGN_KEY_CHECKS=@OLD_FOREIGN_KEY_CHECKS */;
/*!40014 SET UNIQUE_CHECKS=@OLD_UNIQUE_CHECKS */;
/*!40111 SET SQL_NOTES=@OLD_SQL_NOTES */;
